Variable/Field name,Variable ,Type of Variable,,,,,,,,,,,,,,,,,,,,,,,,,,,,,,,,,,,,,,,,,,,,,,,,,,,,,,,,,,,,,,,,,,,,,,,,,,,,,,,,,,,,,,,,,
Identification + Baseline,,,,,,,,,,,,,,,,,,,,,,,,,,,,,,,,,,,,,,,,,,,,,,,,,,,,,,,,,,,,,,,,,,,,,,,,,,,,,,,,,,,,,,,,,,,
record_id,Patient ID number,Nominal ,,,,,,,,,,,,,,,,,,,,,,,,,,,,,,,,,,,,,,,,,,,,,,,,,,,,,,,,,,,,,,,,,,,,,,,,,,,,,,,,,,,,,,,,,
age,Patient age in years,Continous,,,,,,,,,,,,,,,,,,,,,,,,,,,,,,,,,,,,,,,,,,,,,,,,,,,,,,,,,,,,,,,,,,,,,,,,,,,,,,,,,,,,,,,,,
gender,gender ,Dichotomous,0= Female,1= Male,,,,,,,,,,,,,,,,,,,,,,,,,,,,,,,,,,,,,,,,,,,,,,,,,,,,,,,,,,,,,,,,,,,,,,,,,,,,,,,,,,,,,,,
height,height in cm,Continous,,,,,,,,,,,,,,,,,,,,,,,,,,,,,,,,,,,,,,,,,,,,,,,,,,,,,,,,,,,,,,,,,,,,,,,,,,,,,,,,,,,,,,,,,
weight,weight in kg,Continous,,,,,,,,,,,,,,,,,,,,,,,,,,,,,,,,,,,,,,,,,,,,,,,,,,,,,,,,,,,,,,,,,,,,,,,,,,,,,,,,,,,,,,,,,
bmi,Body mass index,Continous,,,,,,,,,,,,,,,,,,,,,,,,,,,,,,,,,,,,,,,,,,,,,,,,,,,,,,,,,,,,,,,,,,,,,,,,,,,,,,,,,,,,,,,,,
admission_date,Admission date,Date,,,,,,,,,,,,,,,,,,,,,,,,,,,,,,,,,,,,,,,,,,,,,,,,,,,,,,,,,,,,,,,,,,,,,,,,,,,,,,,,,,,,,,,,,
health_work,Patient is a health-worker,Dichotomous,0= No,1= Yes,,,,,,,,,,,,,,,,,,,,,,,,,,,,,,,,,,,,,,,,,,,,,,,,,,,,,,,,,,,,,,,,,,,,,,,,,,,,,,,,,,,,,,,
rural_work,Patient work in livestock o meat industry ,Dichotomous,0= No,1= Yes,,,,,,,,,,,,,,,,,,,,,,,,,,,,,,,,,,,,,,,,,,,,,,,,,,,,,,,,,,,,,,,,,,,,,,,,,,,,,,,,,,,,,,,
geriatric_home,Patient lives in a geriatric home,Dichotomous,0= No,1= Yes,,,,,,,,,,,,,,,,,,,,,,,,,,,,,,,,,,,,,,,,,,,,,,,,,,,,,,,,,,,,,,,,,,,,,,,,,,,,,,,,,,,,,,,
bedridden,Patient in a state of prostration,Dichotomous,0= No,1= Yes,,,,,,,,,,,,,,,,,,,,,,,,,,,,,,,,,,,,,,,,,,,,,,,,,,,,,,,,,,,,,,,,,,,,,,,,,,,,,,,,,,,,,,,
living_space,Patient lives in overcrowding,Dichotomous,0= No,1= Yes,,,,,,,,,,,,,,,,,,,,,,,,,,,,,,,,,,,,,,,,,,,,,,,,,,,,,,,,,,,,,,,,,,,,,,,,,,,,,,,,,,,,,,,
vac_influenza,Previous influenza vaccination ,Dichotomous,0= No,1= Yes,,,,,,,,,,,,,,,,,,,,,,,,,,,,,,,,,,,,,,,,,,,,,,,,,,,,,,,,,,,,,,,,,,,,,,,,,,,,,,,,,,,,,,,
date_vac_influenza,Date of previous influenza vaccination,Date,Relative date,,,,,,,,,,,,,,,,,,,,,,,,,,,,,,,,,,,,,,,,,,,,,,,,,,,,,,,,,,,,,,,,,,,,,,,,,,,,,,,,,,,,,,,,
vac_neumococo,Previous pneumococcus vaccination ,Dichotomous,0= No,1= Yes,,,,,,,,,,,,,,,,,,,,,,,,,,,,,,,,,,,,,,,,,,,,,,,,,,,,,,,,,,,,,,,,,,,,,,,,,,,,,,,,,,,,,,,
vac_neumo_type,Name of pneumococcus vaccination ,Nominal ,PCV13= vac_neumo_type_pcv13,PPSV23=vac_neumo_type_ppsv23,PCV10= vac_neumo_type_pcv10,,,,,,,,,,,,,,,,,,,,,,,,,,,,,,,,,,,,,,,,,,,,,,,,,,,,,,,,,,,,,,,,,,,,,,,,,,,,,,,,,,,,,,
date_vac_neumo_2,Date of second pneumococcus vaccination ,Date,Relative date,,,,,,,,,,,,,,,,,,,,,,,,,,,,,,,,,,,,,,,,,,,,,,,,,,,,,,,,,,,,,,,,,,,,,,,,,,,,,,,,,,,,,,,,
prev_infec,Respiratoy infections in the las 12 months ,Dichotomous,0= No,1= Yes,,,,,,,,,,,,,,,,,,,,,,,,,,,,,,,,,,,,,,,,,,,,,,,,,,,,,,,,,,,,,,,,,,,,,,,,,,,,,,,,,,,,,,,
num_prev_infec,Number of respiratory infections in the last 12 months ,Discrete ,,,,,,,,,,,,,,,,,,,,,,,,,,,,,,,,,,,,,,,,,,,,,,,,,,,,,,,,,,,,,,,,,,,,,,,,,,,,,,,,,,,,,,,,,
date_infec,Date of previous respiratory infections ,Date,Relative date,,,,,,,,,,,,,,,,,,,,,,,,,,,,,,,,,,,,,,,,,,,,,,,,,,,,,,,,,,,,,,,,,,,,,,,,,,,,,,,,,,,,,,,,
urg_12_month,Visits to the emergency department in the last 12 months,Dichotomous,0= No,1= Yes,,,,,,,,,,,,,,,,,,,,,,,,,,,,,,,,,,,,,,,,,,,,,,,,,,,,,,,,,,,,,,,,,,,,,,,,,,,,,,,,,,,,,,,
num_urg,Number of emergency department visits in the last 12 months ,Discrete ,,,,,,,,,,,,,,,,,,,,,,,,,,,,,,,,,,,,,,,,,,,,,,,,,,,,,,,,,,,,,,,,,,,,,,,,,,,,,,,,,,,,,,,,,
date_hosp,Date of hospitalization ,Date,Relative date,,,,,,,,,,,,,,,,,,,,,,,,,,,,,,,,,,,,,,,,,,,,,,,,,,,,,,,,,,,,,,,,,,,,,,,,,,,,,,,,,,,,,,,,
ab_12month,Patient has received antibiotics in the last 12 months,Dichotomous,0= No,1= Yes,,,,,,,,,,,,,,,,,,,,,,,,,,,,,,,,,,,,,,,,,,,,,,,,,,,,,,,,,,,,,,,,,,,,,,,,,,,,,,,,,,,,,,,
prev_ab_num,Number of antibiotics received in the last 12 months ,Discrete ,,,,,,,,,,,,,,,,,,,,,,,,,,,,,,,,,,,,,,,,,,,,,,,,,,,,,,,,,,,,,,,,,,,,,,,,,,,,,,,,,,,,,,,,,
prev_ab_date,Date of previous antibiotics cycle ,Date,Relative date,,,,,,,,,,,,,,,,,,,,,,,,,,,,,,,,,,,,,,,,,,,,,,,,,,,,,,,,,,,,,,,,,,,,,,,,,,,,,,,,,,,,,,,,
prev_ab_days,Number of days using antibiotics ,Discrete ,,,,,,,,,,,,,,,,,,,,,,,,,,,,,,,,,,,,,,,,,,,,,,,,,,,,,,,,,,,,,,,,,,,,,,,,,,,,,,,,,,,,,,,,,
ab_prev,Name of the antibiotic that the patient received ,Nominal ,Amikacin, Amoxicillin, Amoxicillin/Clavulanate, Ampicillin, Ampicillin/Sulbactam, Cefazolin, Cefepime, Ceftaroline, Cephalexin, Ceftazidime, Ceftazidime/Avibactam, Ceftriaxone, Cefuroxime, Ciprofloxacin, Clarithromycin, Clindamycin, Colistin, Daptomycin, Doripenem, Ertapenem, Fosfomycin, Gentamicin, Imipenem, Linezolid, Meropenem, Oxacillin, Sodium Penicillin, Piperacillin/Tazobactam, Polymyxin B, Rifampicin, Tigecycline, Trimethoprim/Sulfamethoxazole, Vancomycin, No recollection, Other,,,,,,,,,,,,,,,,,,,,,,,,,,,,,,,,,,,,,,,,,,,,,,,,,,,,,,
comorbid,Comorbidities at the moment of admission ,Nominal ,Alcoholism, Aplastic Anemia, History of Stroke (ACV), History of Myocardial Infarction (IAM), History of Lung Transplantation, Arrhythmia, Asthma, Asplenia, Bronchoaspiration, Bronchiectasis, Active Cancer, Hematologic Cancer, Lung Cancer, Cirrhosis, Dementia, Malnutrition, Diabetes Mellitus, Coronary Artery Disease, Chronic Liver Disease, Mental Illness, Interstitial Lung Disease, Chronic Kidney Disease, Chronic Obstructive Pulmonary Disease (COPD), Chronic Steroid Use (>10 mg prednisone equivalent), Heart Failure, FEV1 < 30, Hemodialysis, Hypertension, Chronic Proton Pump Inhibitor (PPI) Use, Recurrent Skin Infections, Prosthetic Material, Neutropenia (< 500 cells/dL), Obesity, Other Types of Immunosuppression, Supplemental Oxygen Use, Portacath Carrier, Chemotherapy in the Last Three Months, Sleep Apnea (SAHOS), AIDS (CD4 < 200), Past or Current Smoking, Intravenous Drug Use, Statin Use, Inhaled Steroid Use, Biological Therapy Use, Tracheostomy User, Nutritional Tube User, HIV, None,,,,,,,,,,,,,,,,,,,,,,,,,,,,,,,,,,,,,,,,,
copd,COPD history ,Dichotomous,0= No,1= Yes,,,,,,,,,,,,,,,,,,,,,,,,,,,,,,,,,,,,,,,,,,,,,,,,,,,,,,,,,,,,,,,,,,,,,,,,,,,,,,,,,,,,,,,
gold,GOLD classification ,Nominal ,1=GOLD A,2=GOLD B,3=GOLD C,4=GOLD D,,,,,,,,,,,,,,,,,,,,,,,,,,,,,,,,,,,,,,,,,,,,,,,,,,,,,,,,,,,,,,,,,,,,,,,,,,,,,,,,,,,,,
ant_taba,History of smoking,Dichotomous,0= No,1= Yes,,,,,,,,,,,,,,,,,,,,,,,,,,,,,,,,,,,,,,,,,,,,,,,,,,,,,,,,,,,,,,,,,,,,,,,,,,,,,,,,,,,,,,,
icu,Patient admitted to the ICU ,Dichotomous,0= No,1= Yes,,,,,,,,,,,,,,,,,,,,,,,,,,,,,,,,,,,,,,,,,,,,,,,,,,,,,,,,,,,,,,,,,,,,,,,,,,,,,,,,,,,,,,,
int_24h,Interventions received the first 24 hours,Nominal ,Non-invasive Ventilation,Invasive Mechanical Ventilation,,Vasopressors (Norepinephrine or Dopamine),,Inotropics,,,,,,,,,,,,,,,,,,,,,,,,,,,,,,,,,,,,,,,,,,,,,,,,,,,,,,,,,,,,,,,,,,,,,,,,,,,,,,,,,,,
ant_mdrd,"Infection by MRSA, Pseudomona, BLEE in the last year ",Dichotomous,0= No,1= Yes,,,,,,,,,,,,,,,,,,,,,,,,,,,,,,,,,,,,,,,,,,,,,,,,,,,,,,,,,,,,,,,,,,,,,,,,,,,,,,,,,,,,,,,
mdr,Which infection or colonization in the last year ,Nominal ,1=SAMR,2=P. aeruginosa,3=Enterobacteriaceae producing extended-spectrum beta-lactamases (ESBL),4=Enterobacteriaceae resistant to broad-spectrum cephalosporins (BS-CBR),5=Other,,,,,,,,,,,,,,,,,,,,,,,,,,,,,,,,,,,,,,,,,,,,,,,,,,,,,,,,,,,,,,,,,,,,,,,,,,,,,,,,,,,,
sosp_covid,COVID diagnosis ,Dichotomous,0= No,1= Yes,,,,,,,,,,,,,,,,,,,,,,,,,,,,,,,,,,,,,,,,,,,,,,,,,,,,,,,,,,,,,,,,,,,,,,,,,,,,,,,,,,,,,,,
vac_covid,COVID vaccine ,Dichotomous,0= No,1= Yes,,,,,,,,,,,,,,,,,,,,,,,,,,,,,,,,,,,,,,,,,,,,,,,,,,,,,,,,,,,,,,,,,,,,,,,,,,,,,,,,,,,,,,,
ab_24h,Which antibiotics were administrated in the first 24 hours of admission ,Nominal ,1=Amikacin,2=Amoxicillin,3=Amoxicillin/Clavulanate,4=Ampicillin,5=Ampicillin/Sulbactam,6=Cefazolin,7=Cefepime,8=Ceftaroline,9=Ceftazidime,10=Ceftazidime/Avibactam,11=Ceftriaxone,12=Cefuroxime,13=Ciprofloxacin,14=Clarithromycin,15=Clindamycin,16=Colistin,17=Daptomycin,18=Doripenem,19=Ertapenem,20=Fosfomycin,21=Gentamicin,22=Imipenem,23=Linezolid,24=Meropenem,25=Oxacillin,26=Penicillin Sodium,27=Piperacillin/Tazobactam,28=Polymyxin B,29=Rifampicin,30=Tigecycline,31=Trimethoprim/Sulfamethoxazole,32=Vancomycin,33=Others,,,,,,,,,,,,,,,,,,,,,,,,,,,,,,,,,,,,,,,,,,,,,,,,,,,,,,,,
criteria,Patient has severity criteria according to IDSA/ATS,Dichotomous,0= No,1= Yes,,,,,,,,,,,,,,,,,,,,,,,,,,,,,,,,,,,,,,,,,,,,,,,,,,,,,,,,,,,,,,,,,,,,,,,,,,,,,,,,,,,,,,,
minor_criteria,Minor criteria for pneumonia that the patient meets,Nominal ,Respiratory rate greater than 30,Pa/FiO2 less than 250 mmHg,Multilobar involvement,Confusion/disorientation,BUN greater than 20 mg/dL,"Leukopenia less than 4,000",Hypotension requiring intensive fluid support,Hypothermia less than 36°C,Thrombocytopenia,,,,,,,,,,,,,,,,,,,,,,,,,,,,,,,,,,,,,,,,,,,,,,,,,,,,,,,,,,,,,,,,,,,,,,,,,,,,,,,,
major_criteria,Major criteria for pneumonia that the patient meets ,Nominal ,Invasive Mechanical Ventilation,Shock ,,,,,,,,,,,,,,,,,,,,,,,,,,,,,,,,,,,,,,,,,,,,,,,,,,,,,,,,,,,,,,,,,,,,,,,,,,,,,,,,,,,,,,,
sev_criteria,Meets with severity criteria according to IDSA/ATS (1 major or 3 minor) ,Dichotomous,0= No,1= Yes,,,,,,,,,,,,,,,,,,,,,,,,,,,,,,,,,,,,,,,,,,,,,,,,,,,,,,,,,,,,,,,,,,,,,,,,,,,,,,,,,,,,,,,
admission_sofa,SOFA scale at admission ,Discrete ,,,,,,,,,,,,,,,,,,,,,,,,,,,,,,,,,,,,,,,,,,,,,,,,,,,,,,,,,,,,,,,,,,,,,,,,,,,,,,,,,,,,,,,,,
admission_curb,CURB 65 at admission. ,Discrete ,,,,,,,,,,,,,,,,,,,,,,,,,,,,,,,,,,,,,,,,,,,,,,,,,,,,,,,,,,,,,,,,,,,,,,,,,,,,,,,,,,,,,,,,,
admission_psi,PSI at admission ,Discrete ,,,,,,,,,,,,,,,,,,,,,,,,,,,,,,,,,,,,,,,,,,,,,,,,,,,,,,,,,,,,,,,,,,,,,,,,,,,,,,,,,,,,,,,,,
,,,,,,,,,,,,,,,,,,,,,,,,,,,,,,,,,,,,,,,,,,,,,,,,,,,,,,,,,,,,,,,,,,,,,,,,,,,,,,,,,,,,,,,,,,,
In-hospital Follow-up,,,,,,,,,,,,,,,,,,,,,,,,,,,,,,,,,,,,,,,,,,,,,,,,,,,,,,,,,,,,,,,,,,,,,,,,,,,,,,,,,,,,,,,,,,,
hosp_stay,Hospital setting ,Nominal,0= Emergency,1= General hospitalization ,2= Intensive Care Unit,3= Intermediate Care Unit ,,,,,,,,,,,,,,,,,,,,,,,,,,,,,,,,,,,,,,,,,,,,,,,,,,,,,,,,,,,,,,,,,,,,,,,,,,,,,,,,,,,,,
ab_empiric,Patient received empiric antibiotic,Dichotomous,0= No,1= Yes,,,,,,,,,,,,,,,,,,,,,,,,,,,,,,,,,,,,,,,,,,,,,,,,,,,,,,,,,,,,,,,,,,,,,,,,,,,,,,,,,,,,,,,
ab_empiric_2,Name of the empiric antibiotic that the patient received,Nominal,1=Amikacin,2=Ampicillin,3=Ampicillin/sulbactam,4=Cephazolin,5=Cefepime,6=Ceftaroline,7=Ceftazidime,8=Ceftazidime/Avibactam,9=Ceftriaxone,10=Cefuroxime,11=Ciprofloxacin,12=Clarithromycin,13=Clindamycin,14=Colistin,15=Daptomycin,16=Doripenem,17=Ertapenem,18=Fosfomycin,19=Gentamicin,20=Imipenem,21=Linezolid,22=Meropenem,23=Metronidazole,24=Oxacillin,25=Sodium penicillin,26=Piperacillin tazobactam,27=Polymyxin B,28=Rifampicin,29=Tigecycline,30=Trimethoprim/sulfamethoxazole,31=Vancomycin,,,,,,,,,,,,,,,,,,,,,,,,,,,,,,,,,,,,,,,,,,,,,,,,,,,,,,,,,,
ab_conjug,Patient received more than one empiric antibiotic,Dichotomous,0= No,1= Yes,,,,,,,,,,,,,,,,,,,,,,,,,,,,,,,,,,,,,,,,,,,,,,,,,,,,,,,,,,,,,,,,,,,,,,,,,,,,,,,,,,,,,,,
ab_conjug2,Name of the second empiric antibiotic,Nominal,1=Amikacin,2=Ampicillin,3=Ampicillin/sulbactam,4=Cephazolin,5=Cefepime,6=Ceftaroline,7=Ceftazidime,8=Ceftazidime/Avibactam,9=Ceftriaxone,10=Cefuroxime,11=Ciprofloxacin,12=Clarithromycin,13=Clindamycin,14=Colistin,15=Daptomycin,16=Doripenem,17=Ertapenem,18=Fosfomycin,19=Gentamicin,20=Imipenem,21=Linezolid,22=Meropenem,23=Metronidazole,24=Oxacillin,25=Sodium penicillin,26=Piperacillin tazobactam,27=Polymyxin B,28=Rifampicin,29=Tigecycline,30=Trimethoprim/sulfamethoxazole,31=Vancomycin,,,,,,,,,,,,,,,,,,,,,,,,,,,,,,,,,,,,,,,,,,,,,,,,,,,,,,,,,,
isolated_micro,Isolated microorganism ,Nominal,1=Achromobacter xylosoxidans,2=Acinetobacter baumannii,3=Acinetobacter iwoffi,4=Aeromonas hydrophila,5=Aeromonas sobria,6=Aspergillus spp,7=Bacteroides fragilis,8=Brevundimonas diminuta,9=Burkholderia cepacia,10=Candida spp,11=Citrobacter freundii,12=Citrobacter koseri,13=Citrobacter youngae,14=Corynebacterium,15=Cytomegalovirus,16=Cytrobacter spp,17=Enterobacter aerogenes,18=Enterobacter cloacae,19=Enterobacter spp,20=Enterococcus avium,21=Enterococcus casseliflavus,22=Enterococcus durans,23=Enterococcus faecalis,24=Enterococcus faecium,25=Enterococcus gallinarum,26=Enterococcus spp,27=Escherichia coli,28=Respiratory flora,29=Haemophilus influenzae,30=Haemophilus parahaemolyticus,31=Haemophilus parainfluenzae,32=Hafnia alvei,33=Haemophilus spp,34=Herpes simplex virus type 1,35=Klebsiella oxytoca,36=Klebsiella ozanae,37=Klebsiella pneumoniae,38=Klebsiella spp,39=Kocuria rosea,40=Lactobacillus casei,41=Legionella spp,42=Micrococcus luteus,43=Moraxella catarrhalis,44=Morganella morganii,45=Methicillin-resistant Staphylococcus aureus (MRSA),46=Methicillin-sensitive Staphylococcus aureus (MSSA),47=Neisseria cinerea,48=Neisseria spp,49=Pantoea spp,50=Parvimonas micra,51=Proteus mirabilis,52=Proteus spp,53=Proteus vulgaris,54=Providencia rettgeri,55=Pseudomonas aeruginosa,56=Pseudomonas fluorescens,57=Pseudomonas putida,58=Pseudomonas stutzeri,59=Ralstonia pickettii,60=Raoultella ornithinolytica,61=Raoultella planticola,62=Salmonella spp,63=Serratia liquefaciens,64=Serratia marcescens,65=Serratia spp,66=Staphylococcus epidermidis,67=Staphylococcus aureus,68=Staphylococcus capitis,69=Coagulase-negative Staphylococcus,70=Staphylococcus cohnii,71=Staphylococcus haemolyticus,72=Staphylococcus hominis,73=Staphylococcus intermedius,74=Staphylococcus saprophyticus,75=Staphylococcus sciuri,76=Staphylococcus simulans,77=Staphylococcus warneri,78=Stenotrophomonas maltophilia,79=Stenotrophomonas spp,80=Streptococcus agalactiae,81=Streptococcus anginosus,82=Streptococcus gallolyticus,83=Streptococcus mitis,84=Streptococcus parasanguinis,85=Streptococcus pneumoniae,86=Streptococcus pyogenes,87=Streptococcus salivarius,88=Streptococcus sanguinis,89=Viridans group Streptococcus
coinfection,Patient presented coinfection by other microorganism ,Dichotomous,0= No,1= Yes,,,,,,,,,,,,,,,,,,,,,,,,,,,,,,,,,,,,,,,,,,,,,,,,,,,,,,,,,,,,,,,,,,,,,,,,,,,,,,,,,,,,,,,
coinfection_microorg,Name of the microorganism that generated co-infection ,Nominal,1=Achromobacter xylosoxidans,2=Acinetobacter baumannii,3=Acinetobacter iwoffi,4=Aeromonas hydrophila,5=Aeromonas sobria,6=Aspergillus spp,7=Bacteroides fragilis,8=Brevundimonas diminuta,9=Burkholderia cepacia,10=Candida spp,11=Citrobacter freundii,12=Citrobacter koseri,13=Citrobacter youngae,14=Corynebacterium,15=Cytomegalovirus,16=Cytrobacter spp,17=Enterobacter aerogenes,18=Enterobacter cloacae,19=Enterobacter spp,20=Enterococcus avium,21=Enterococcus casseliflavus,22=Enterococcus durans,23=Enterococcus faecalis,24=Enterococcus faecium,25=Enterococcus gallinarum,26=Enterococcus spp,27=Escherichia coli,28=Respiratory flora,29=Haemophilus influenzae,30=Haemophilus parahaemolyticus,31=Haemophilus parainfluenzae,32=Hafnia alvei,33=Haemophilus spp,34=Herpes simplex virus type 1,35=Klebsiella oxytoca,36=Klebsiella ozanae,37=Klebsiella pneumoniae,38=Klebsiella spp,39=Kocuria rosea,40=Lactobacillus casei,41=Legionella spp,42=Micrococcus luteus,43=Moraxella catarrhalis,44=Morganella morganii,45=Methicillin-resistant Staphylococcus aureus (MRSA),46=Methicillin-sensitive Staphylococcus aureus (MSSA),47=Neisseria cinerea,48=Neisseria spp,49=Pantoea spp,50=Parvimonas micra,51=Proteus mirabilis,52=Proteus spp,53=Proteus vulgaris,54=Providencia rettgeri,55=Pseudomonas aeruginosa,56=Pseudomonas fluorescens,57=Pseudomonas putida,58=Pseudomonas stutzeri,59=Ralstonia pickettii,60=Raoultella ornithinolytica,61=Raoultella planticola,62=Salmonella spp,63=Serratia liquefaciens,64=Serratia marcescens,65=Serratia spp,66=Staphylococcus epidermidis,67=Staphylococcus aureus,68=Staphylococcus capitis,69=Coagulase-negative Staphylococcus,70=Staphylococcus cohnii,71=Staphylococcus haemolyticus,72=Staphylococcus hominis,73=Staphylococcus intermedius,74=Staphylococcus saprophyticus,75=Staphylococcus sciuri,76=Staphylococcus simulans,77=Staphylococcus warneri,78=Stenotrophomonas maltophilia,79=Stenotrophomonas spp,80=Streptococcus agalactiae,81=Streptococcus anginosus,82=Streptococcus gallolyticus,83=Streptococcus mitis,84=Streptococcus parasanguinis,85=Streptococcus pneumoniae,86=Streptococcus pyogenes,87=Streptococcus salivarius,88=Streptococcus sanguinis,89=Viridans group Streptococcus
res_pattern,antibiotic resistance pattern,Nominal,1=None,2=MDR (Multi-Drug Resistant),3=XDR (Extensively Drug-Resistant),4=PDR (Pan Drug-Resistant),5=Usual,6=Penicillinase,7=IRT (Inducible Resistance to Trimethoprim),8=Extended-spectrum Beta-lactamase,9=Extended-spectrum Beta-lactamase,10=AmpC (Ampicillinase C),11=Carbapenemase Producer,12=Methicillin Resistant,,,,,,,,,,,,,,,,,,,,,,,,,,,,,,,,,,,,,,,,,,,,,,,,,,,,,,,,,,,,,,,,,,,,,,,,,,,,,
res_pattern_2,antibiotic resistance pattern 2,Nominal,1=None,2=MDR (Multi-Drug Resistant),3=XDR (Extensively Drug-Resistant),4=PDR (Pan Drug-Resistant),5=Usual,6=Penicillinase,7=IRT (Inducible Resistance to Trimethoprim),8=Extended-spectrum Beta-lactamase,9=Extended-spectrum Beta-lactamase,10=AmpC (Ampicillinase C),11=Carbapenemase Producer,12=Methicillin Resistant,,,,,,,,,,,,,,,,,,,,,,,,,,,,,,,,,,,,,,,,,,,,,,,,,,,,,,,,,,,,,,,,,,,,,,,,,,,,,
sofa_72,SOFA scale after 72 hours,Discrete,,,,,,,,,,,,,,,,,,,,,,,,,,,,,,,,,,,,,,,,,,,,,,,,,,,,,,,,,,,,,,,,,,,,,,,,,,,,,,,,,,,,,,,,,
,,,,,,,,,,,,,,,,,,,,,,,,,,,,,,,,,,,,,,,,,,,,,,,,,,,,,,,,,,,,,,,,,,,,,,,,,,,,,,,,,,,,,,,,,,,
Hospital Discharge,,,,,,,,,,,,,,,,,,,,,,,,,,,,,,,,,,,,,,,,,,,,,,,,,,,,,,,,,,,,,,,,,,,,,,,,,,,,,,,,,,,,,,,,,,,
etio_pneumo,Identified ethiological pathogen ,Dichotomous,0= No,1= Yes,,,,,,,,,,,,,,,,,,,,,,,,,,,,,,,,,,,,,,,,,,,,,,,,,,,,,,,,,,,,,,,,,,,,,,,,,,,,,,,,,,,,,,,
etio_pneumo_patogen,Name of the pathogen identified ,Nominal ,1=Staphylococcus aureus,2=Staphylococcus saprophyticus,3=Staphylococcus epidermidis,4=Streptococcus pneumoniae,5=Enterococcus faecalis,6=Enterococcus faecium,7=Escherichia coli,8=Klebsiella pneumoniae,9=Acinetobacter baumannii,10=Morganella morganii,11=Citrobacter freundii,12=Enterobacter aerogenes,13=Enterobacter cloacae,14=Pseudomonas aeruginosa,15=Serratia marcescens,16=Burkholderia cepacia,17=Stenotrophomonas maltophilia,18=Proteus mirabilis,19=Salmonella spp,20=Achromobacter xylosoxidans,21=Acinetobacter iwoffi,22=Aeromonas hydrophila,23=Aeromonas sobria,24=Brevundimonas diminuta,25=Citrobacter koseri,26=Citrobacter youngae,27=Enterococcus avium,28=Enterococcus casseliflavus,29=Enterococcus durans,30=Enterococcus gallinarum,31=Haemophilus influenzae,32=Haemophilus parahaemolyticus,33=Haemophilus parainfluenzae,34=Hafnia alvei,35=Klebsiella oxytoca,36=Klebsiella ozanae,37=Kocuria rosea,38=Lactobacillus casei,39=Micrococcus luteus,40=Moraxella catharralis,41=Neisseria cinerea,42=Pantoea spp,43=Parvimonas micra,44=Proteus vulgaris,45=Providencia rettgeri,46=Pseudomonas fluorescens,47=Pseudomonas putida,48=Pseudomonas stutzeri,49=Ralstonia pickettii,50=Raoultella planticola,51=Raoultella ornithinolytica,52=Serratia liquefaciens,53=Staphylococcus cohnii,54=Staphylococcus capitis,55=Staphylococcus hominis,56=Staphylococcus haemolyticus,57=Staphylococcus intermedius,58=Staphylococcus sciuri,59=Staphylococcus simulans,60=Staphylococcus warneri,61=Streptococcus agalactiae,62=Streptococcus gallolyticus,63=Streptococcus mitis,64=Streptococcus anginosus,65=Streptococcus parasanguinis,66=Streptococcus pyogenes,67=Streptococcus salivarius,68=Streptococcus sanguinis,69=Influenza virus,70=SARS-CoV-2,71=Other bacteria or fungus,72=None of the above,,,,,,,,,,,,,,,,,
2_rt_pcr_covid,Second RT-PCR test if suspected COVID 19 ,Dichotomous,0= No,1= Yes,,,,,,,,,,,,,,,,,,,,,,,,,,,,,,,,,,,,,,,,,,,,,,,,,,,,,,,,,,,,,,,,,,,,,,,,,,,,,,,,,,,,,,,
extub,Patient was extubated,Dichotomous,0= No,1= Yes,,,,,,,,,,,,,,,,,,,,,,,,,,,,,,,,,,,,,,,,,,,,,,,,,,,,,,,,,,,,,,,,,,,,,,,,,,,,,,,,,,,,,,,
date_extub,Date of extubation ,Date,Relative date,,,,,,,,,,,,,,,,,,,,,,,,,,,,,,,,,,,,,,,,,,,,,,,,,,,,,,,,,,,,,,,,,,,,,,,,,,,,,,,,,,,,,,,,
traqueost,Patient required traqueostomy,Dichotomous,0= No,1= Yes,,,,,,,,,,,,,,,,,,,,,,,,,,,,,,,,,,,,,,,,,,,,,,,,,,,,,,,,,,,,,,,,,,,,,,,,,,,,,,,,,,,,,,,
date_traqueost,Date of traqueostomy,Date,Relative date,,,,,,,,,,,,,,,,,,,,,,,,,,,,,,,,,,,,,,,,,,,,,,,,,,,,,,,,,,,,,,,,,,,,,,,,,,,,,,,,,,,,,,,,
icu_discharge,Patient was discharged from ICU,,,,,,,,,,,,,,,,,,,,,,,,,,,,,,,,,,,,,,,,,,,,,,,,,,,,,,,,,,,,,,,,,,,,,,,,,,,,,,,,,,,,,,,,,,
dicharge_date,Date of ICU discharge,Date,Relative date,,,,,,,,,,,,,,,,,,,,,,,,,,,,,,,,,,,,,,,,,,,,,,,,,,,,,,,,,,,,,,,,,,,,,,,,,,,,,,,,,,,,,,,,
live_discharge,Patient was discharged alive ,Dichotomous,0= No,1= Yes,,,,,,,,,,,,,,,,,,,,,,,,,,,,,,,,,,,,,,,,,,,,,,,,,,,,,,,,,,,,,,,,,,,,,,,,,,,,,,,,,,,,,,,
icu_death,Patient died at the ICU ,Dichotomous,0= No,1= Yes,,,,,,,,,,,,,,,,,,,,,,,,,,,,,,,,,,,,,,,,,,,,,,,,,,,,,,,,,,,,,,,,,,,,,,,,,,,,,,,,,,,,,,,
gen_hosp_death,Patient died at general hospitalization ,Dichotomous,0= No,1= Yes,,,,,,,,,,,,,,,,,,,,,,,,,,,,,,,,,,,,,,,,,,,,,,,,,,,,,,,,,,,,,,,,,,,,,,,,,,,,,,,,,,,,,,,
main_diagnosis,Patients main diagnosis,Nominal ,1=Community-Acquired Pneumonia (CAP),2=Ventilator-Associated Pneumonia (VAP),3=Ventilator-Associated Tracheobronchitis (VAT),4=Ventilator-Associated Pneumonia (VAP),5=Non-ICU-acquired Pneumonia not associated with VM,6=VM-associated Pneumonia not acquired in ICU,7=Non-ICU-acquired Pneumonia not associated with VM,8=Healthcare-Associated Pneumonia,,,,,,,,,,,,,,,,,,,,,,,,,,,,,,,,,,,,,,,,,,,,,,,,,,,,,,,,,,,,,,,,,,,,,,,,,,,,,,,,,
days_ab,Numer of days with antibiotic,Discrete ,,,,,,,,,,,,,,,,,,,,,,,,,,,,,,,,,,,,,,,,,,,,,,,,,,,,,,,,,,,,,,,,,,,,,,,,,,,,,,,,,,,,,,,,,
ventilation,Patient required mechanical ventilation during ICU ,Dichotomous,0= No,1= Yes,,,,,,,,,,,,,,,,,,,,,,,,,,,,,,,,,,,,,,,,,,,,,,,,,,,,,,,,,,,,,,,,,,,,,,,,,,,,,,,,,,,,,,,
ventilation_type,Type of mechanical ventilation ,Nominal ,1= Optiflow,2=Non-invasive mechanical ventilation,3=Invasive mechanical ventilation,,,,,,,,,,,,,,,,,,,,,,,,,,,,,,,,,,,,,,,,,,,,,,,,,,,,,,,,,,,,,,,,,,,,,,,,,,,,,,,,,,,,,,
clinical_resp,Clinical response to the mechanical ventilation ,Nominal ,1=Failure in treatment,2=Clinical cure,3=Unknown,,,,,,,,,,,,,,,,,,,,,,,,,,,,,,,,,,,,,,,,,,,,,,,,,,,,,,,,,,,,,,,,,,,,,,,,,,,,,,,,,,,,,,
failure_cause,Failure cause,Nominal ,1=Inappropriate antimicrobial treatment,2=Empyema,3=Pneumonia recurrence,4=Persistent ARDS (Acute Respiratory Distress Syndrome),5=Endocarditis,6=Abscess,7=Death while receiving antibiotics,,,,,,,,,,,,,,,,,,,,,,,,,,,,,,,,,,,,,,,,,,,,,,,,,,,,,,,,,,,,,,,,,,,,,,,,,,,,,,,,,,
treatm_fail_criteria,Treatment failure criteria,Nominal ,No improvement in PaO2/FiO2 ratio,Necessity of intubation and mechanical ventilation due to pneumonia after 24 hours of antibiotic initiation,Persistence of fever or hypothermia along with purulent respiratory secretions,Increase in infiltrate on chest X-ray > 50%,Septic shock,,,,,,,,,,,,,,,,,,,,,,,,,,,,,,,,,,,,,,,,,,,,,,,,,,,,,,,,,,,,,,,,,,,,,,,,,,,,,,,,,,,,
secund_infec,Patient had a secondary infection at the same hospital visit,Nominal,Bacteremia of unknown origin,Catheter-associated bacteremia,Central Nervous System (CNS) infection,Intra-abdominal infection,Endocarditis,Soft tissue/skin infection,Urinary tract infection,Sinusitis,Surgical wound infection,,,,,,,,,,,,,,,,,,,,,,,,,,,,,,,,,,,,,,,,,,,,,,,,,,,,,,,,,,,,,,,,,,,,,,,,,,,,,,,,
non_pulm_infec,Patient had a non-pulmonar infection at the same hospital visit ,Dichotomous,0= No,1= Yes,,,,,,,,,,,,,,,,,,,,,,,,,,,,,,,,,,,,,,,,,,,,,,,,,,,,,,,,,,,,,,,,,,,,,,,,,,,,,,,,,,,,,,,
date_non_pulmonar,Date of the non-pulmonar infection diagnosis,Date,Relative date,,,,,,,,,,,,,,,,,,,,,,,,,,,,,,,,,,,,,,,,,,,,,,,,,,,,,,,,,,,,,,,,,,,,,,,,,,,,,,,,,,,,,,,,
cv_comp,Patient had any cardiovascular complication ,Dichotomous,0= No,1= Yes,,,,,,,,,,,,,,,,,,,,,,,,,,,,,,,,,,,,,,,,,,,,,,,,,,,,,,,,,,,,,,,,,,,,,,,,,,,,,,,,,,,,,,,
cv,Name of the cardiovascular complication ,Nominal,Arrhythmia,Heart failure,Myocardial infarction,Stroke,,,,,,,,,,,,,,,,,,,,,,,,,,,,,,,,,,,,,,,,,,,,,,,,,,,,,,,,,,,,,,,,,,,,,,,,,,,,,,,,,,,,,
another_study,Patient was participating in another study,Dichotomous,0= No,1= Yes,,,,,,,,,,,,,,,,,,,,,,,,,,,,,,,,,,,,,,,,,,,,,,,,,,,,,,,,,,,,,,,,,,,,,,,,,,,,,,,,,,,,,,,
which_study,Which study was the patient participating ,Nominal,1=COVID INS,2=COVID Velez Lab.,3=COVID HGE- UniAntioquia,,,,,,,,,,,,,,,,,,,,,,,,,,,,,,,,,,,,,,,,,,,,,,,,,,,,,,,,,,,,,,,,,,,,,,,,,,,,,,,,,,,,,,